type,name,notice,furigana
プラスチック製容器包装,IHクッキングヒーター,,あ
プラスチック製容器包装,ＩＣレコーダー,,あ
プラスチック製容器包装,アイスピック,先端部を紙で包み「危険」と表示して他のごみと分ける,あ
プラスチック製容器包装,アイロン,,あ
プラスチック製容器包装,アイロン台（７０㎝超）,,あ
プラスチック製容器包装,アコーディオンカーテン（７０㎝以下）,,あ
プラスチック製容器包装,足こぎ四輪車（幼児用）（金属製または電動製）,,あ
プラスチック製容器包装,アダプター（各種電気製品用）,,あ
プラスチック製容器包装,雨どい,,あ
プラスチック製容器包装,編み機,,あ
プラスチック製容器包装,網戸（金属以外）,増改築に伴うものは請け負った業者に処分してもらう,あ
プラスチック製容器包装,網戸（金属製）,増改築に伴うものは請け負った業者に処分してもらう,あ
プラスチック製容器包装,アルミサッシ,増改築に伴うものは請け負った業者に処分してもらう,あ
プラスチック製容器包装,アルミホイール（自動車用）,タイヤは市で収集しません,あ
プラスチック製容器包装,泡立て器（電動式・手動式）,,あ
プラスチック製容器包装,安全ピン（金属製）,,あ
プラスチック製容器包装,アンテナ（テレビ・BS・CSなど）,,あ
プラスチック製容器包装,アンプ,,あ
プラスチック製容器包装,ＥＴＣ車載ユニット,,い
プラスチック製容器包装,衣装掛け（金属製）,,い
プラスチック製容器包装,衣装ケース（金属製）,,い
プラスチック製容器包装,いす（金属製）,,い
プラスチック製容器包装,板ガラス,,い
プラスチック製容器包装,板きれ（７０㎝超）,増改築に伴うものは請け負った業者に処分してもらう,い
プラスチック製容器包装,一輪車,「不用品」と必ず表示,い
プラスチック製容器包装,衣類乾燥機台,,い
プラスチック製容器包装,インテリアライト（「金属以外、７０㎝超」以外）,電球等は外す,い
プラスチック製容器包装,ウインドファン（７０㎝以下）,窓用エアコンではありません,う
プラスチック製容器包装,植木台（金属以外・７０㎝超）,,う
プラスチック製容器包装,植木台（金属製）,,う
プラスチック製容器包装,植木鉢（陶器製）,,う
プラスチック製容器包装,ウォーキングマシン（「金属以外、７０㎝超」以外）,,う
プラスチック製容器包装,ウォシュレット,増改築に伴うものは請け負った業者に処分してもらう,う
プラスチック製容器包装,浮き輪（７０㎝超）,空気を抜いて,う
プラスチック製容器包装,臼,,う
プラスチック製容器包装,乳母車（７０㎝以下）,全体の８０％以上金属のものは、埋立ごみの日の金属へ,う
プラスチック製容器包装,梅酒（自家製）のびん,,う
プラスチック製容器包装,運搬用一輪車,,う
プラスチック製容器包装,ＡＣアダプタ,,え
プラスチック製容器包装,ＭＤプレーヤー,,え
プラスチック製容器包装,枝きれ（７０㎝超）,ひもでしばって束ねて１回３束程度を目安に・多い場合は有料戸別収集で,え
プラスチック製容器包装,ＬＥＤ蛍光灯・ＬＥＤ電球,※LEDには、水銀は使用されていません,え
プラスチック製容器包装,塩化ビニル管,,え
プラスチック製容器包装,縁台（金属以外・７０㎝超）,,え
プラスチック製容器包装,縁台（金属製）,,え
プラスチック製容器包装,延長コード,,え
プラスチック製容器包装,煙突（ストーブ用、金属製）,,え
プラスチック製容器包装,鉛筆削り（電動製）,,え
プラスチック製容器包装,オイル缶,中身が残っているものは市で収集しませんので専門業者に処分を依頼してください,お
プラスチック製容器包装,オイルヒーター,中のオイルが残っていても、けっこうです,お
プラスチック製容器包装,オーディオラック（金属以外、７０㎝以下）,,お
プラスチック製容器包装,オーディオラック（金属製）,,お
プラスチック製容器包装,オーブン,,お
プラスチック製容器包装,オーブントースター,,お
プラスチック製容器包装,オーブンレンジ,,お
プラスチック製容器包装,お菓子の缶（２５㎝以上）,,お
プラスチック製容器包装,桶（金属以外・７０㎝超）,,お
プラスチック製容器包装,桶（金属製）,,お
プラスチック製容器包装,押しピン（頭がプラスチックのもの）,封筒などにいれて、｢危険｣と書く　　,お
プラスチック製容器包装,おもちゃ（金属製または電動製）,,お
プラスチック製容器包装,折りたたみいす（金属製）,,お
プラスチック製容器包装,折りたたみテーブル（金属製）,,お
プラスチック製容器包装,オルガン（７０㎝以下）,,お
プラスチック製容器包装,オルゴール,全体の８０％以上金属のものは、埋立ごみの日の金属へ,お
プラスチック製容器包装,温水洗浄機付便座,増改築に伴うものは請け負った業者に処分してもらう,お
プラスチック製容器包装,温度計（水銀を含まない）,,お
プラスチック製容器包装,温風機,,お
プラスチック製容器包装,温冷庫,,お
プラスチック製容器包装,カーカラーテレビ,,か
プラスチック製容器包装,カーＣＤプレーヤー,,か
プラスチック製容器包装,カーステレオ,,か
プラスチック製容器包装,カーテン（７０㎝超）,広げたときに７０㎝を超えているものは、埋立ごみ,か
プラスチック製容器包装,カーテンレール（金属製）,,か
プラスチック製容器包装,カーナビゲーションシステム,,か
プラスチック製容器包装,カーラジオ,,か
プラスチック製容器包装,貝殻（食べ残し以外、置物等）,,か
プラスチック製容器包装,懐中電灯,電池はとる,か
プラスチック製容器包装,回転ハンガー（金属製）,,か
プラスチック製容器包装,カイロ（懐炉）,全体の８０％以上金属のものは、埋立ごみの日の金属へ,か
プラスチック製容器包装,鏡（７０㎝以下）,,か
プラスチック製容器包装,学習机（金属製）,,か
プラスチック製容器包装,家具調こたつ（７０㎝以下）,,か
プラスチック製容器包装,額縁（金属以外）,はめ込み板がプラスチック製であれば、燃やすごみ,か
プラスチック製容器包装,額縁（金属製）,,か
プラスチック製容器包装,傘,,か
プラスチック製容器包装,傘立て（陶器製）,,か
プラスチック製容器包装,傘立て（金属製）,,か
プラスチック製容器包装,傘のほね（金属製）,,か
プラスチック製容器包装,加湿器,,か
プラスチック製容器包装,ガスオーブン・ガスオーブンレンジ,,か
プラスチック製容器包装,ガス釜,,か
プラスチック製容器包装,ガスコンロ,,か
プラスチック製容器包装,ガスストーブ,,か
プラスチック製容器包装,ガス台（７０㎝以下・金属以外）,,か
プラスチック製容器包装,ガス台（７０㎝以下・金属製）,,か
プラスチック製容器包装,ガステーブル,,か
プラスチック製容器包装,ガスレンジ,電池はとる,か
プラスチック製容器包装,カセットコンロ,ボンベは外す,か
プラスチック製容器包装,カセットデッキ,,か
プラスチック製容器包装,カッターナイフ,刃を紙で包み「危険」と表示して他のごみと分ける,か
プラスチック製容器包装,家庭用焼却炉（金属以外、７０㎝以下）,,か
プラスチック製容器包装,家庭用焼却炉（金属製）,,か
プラスチック製容器包装,金網（バーベキュー用）,,か
プラスチック製容器包装,かなづち,全体の８０％以上金属のものは、埋立ごみの日の金属へ,か
プラスチック製容器包装,かばん（アタッシュケース）（金属製）,,か
プラスチック製容器包装,花瓶,,か
プラスチック製容器包装,鎌,刃を紙で包み「危険」と表示して他のごみと分ける,か
プラスチック製容器包装,カミソリ（金属以外）,刃を紙で包み「危険」と表示して他のごみと分ける,か
プラスチック製容器包装,カミソリ（金属製）,刃を紙で包み「危険」と表示して他のごみと分ける,か
プラスチック製容器包装,神棚（７０㎝超）,,か
プラスチック製容器包装,カメラ,,か
プラスチック製容器包装,カラオケ演奏装置（７０㎝以下）,,か
プラスチック製容器包装,ガラス製品,,か
プラスチック製容器包装,軽石,,か
プラスチック製容器包装,皮むき器(金属製）,,か
プラスチック製容器包装,瓦,増改築に伴うものは請け負った業者に処分してもらう,か
プラスチック製容器包装,缶（一斗缶）,,か
プラスチック製容器包装,缶（２５㎝以上）,,か
プラスチック製容器包装,缶（オイル）,中身が残っているものは市で収集しませんので専門業者に処分を依頼してください,か
プラスチック製容器包装,缶（菓子缶：ミルク缶など、２５㎝以上）,,か
プラスチック製容器包装,換気扇,,か
プラスチック製容器包装,缶切り,,か
プラスチック製容器包装,乾燥機（家庭用・食器）,,か
プラスチック製容器包装,乾燥機（家庭用・食器洗い）,,か
プラスチック製容器包装,乾燥機（家庭用・布団）,,か
プラスチック製容器包装,かんな,,か
プラスチック製容器包装,キーボード（楽器、７０㎝以下）,,き
プラスチック製容器包装,キーボード（パソコン用）,,き
プラスチック製容器包装,ギターケース（７０㎝超）,,き
プラスチック製容器包装,キックボード,全体の８０％以上金属のものは、埋立ごみの日の金属へ,き
プラスチック製容器包装,キッチン収納棚（金属以外、７０㎝以下）,,き
プラスチック製容器包装,キッチン収納棚（金属製）,,き
プラスチック製容器包装,杵,,き
プラスチック製容器包装,脚立（金属以外）,,き
プラスチック製容器包装,脚立（金属製）,,き
プラスチック製容器包装,キャスターハンガー（金属以外、７０㎝以下）,,き
プラスチック製容器包装,キャスターハンガー（金属製）,,き
プラスチック製容器包装,キャビネット（金属以外、７０㎝以下）,,き
プラスチック製容器包装,キャビネット（金属製）,,き
プラスチック製容器包装,キャリアー（車用、金属以外）,７０㎝を超えるルーフボックスは有料粗大ごみ,き
プラスチック製容器包装,キャリアー（車用、金属製）,,き
プラスチック製容器包装,急須,,き
プラスチック製容器包装,給湯器,電池はとる,き
プラスチック製容器包装,鏡台（７０㎝以下）,,き
プラスチック製容器包装,きり,先端部を紙で包み「危険」と表示して他のごみと分ける,き
プラスチック製容器包装,金庫（耐火）,おおむね５５㎏以上のものは市では収集できません　,き
プラスチック製容器包装,金庫（手提げ）,,き
プラスチック製容器包装,空気入れ（金属製）,,く
プラスチック製容器包装,空気清浄機,,く
プラスチック製容器包装,釘,紙で包み「危険」と表示,く
プラスチック製容器包装,草刈り機（手動式）,,く
プラスチック製容器包装,鎖（金属製）,,く
プラスチック製容器包装,串(金属製）,紙で包み「危険」と表示,く
プラスチック製容器包装,口紅の容器（金属製）,,く
プラスチック製容器包装,くつ（スキーブーツ・スケート靴）,,く
プラスチック製容器包装,くつのスパイク（金属製）,,く
プラスチック製容器包装,クッキングヒーター,,く
プラスチック製容器包装,クッション（７０㎝超）,,く
プラスチック製容器包装,グランドゴルフスティック,,く
プラスチック製容器包装,グリル鍋（金属以外）,,く
プラスチック製容器包装,グリル鍋（金属製）,,く
プラスチック製容器包装,車(幼児用）（金属製または電動製）,電池で動くものは、電池をとる。,く
プラスチック製容器包装,車(幼児用）（「金属製または電動製」以外・７０㎝超),,く
プラスチック製容器包装,車椅子（折りたたみ式・電動式）,電動式はバッテリーを外す,く
プラスチック製容器包装,グローランプ,,く
プラスチック製容器包装,くわ（鍬）,,く
プラスチック製容器包装,蛍光灯（本体）,,け
プラスチック製容器包装,携帯電話,販売店に引き取りを依頼してください,け
プラスチック製容器包装,ゲートボールスティック,,け
プラスチック製容器包装,ケーブル,,け
プラスチック製容器包装,ケーブルテレビ用セットトップボックス,レンタルの場合は、借りたお店に返却してください,け
プラスチック製容器包装,ゲーム機（ＴＶゲーム・ポケットゲーム）,,け
プラスチック製容器包装,ゲーム用コントローラー,,け
プラスチック製容器包装,化粧品のガラスびん,,け
プラスチック製容器包装,化粧容器（金属製）,,け
プラスチック製容器包装,げた箱（金属製）,増改築に伴うものは請け負った業者に処分してもらう,け
プラスチック製容器包装,血圧計（デジタル式）,電池はとる,け
プラスチック製容器包装,健康増進器具（金属以外）,プラスチック製、ゴム製のものは燃やすごみ、電動のものは埋立ごみの日の金属へ,け
プラスチック製容器包装,健康増進器具（金属製）,,け
プラスチック製容器包装,剣道用具（竹刀、７０㎝超）,,け
プラスチック製容器包装,剣道用具（面）,,け
プラスチック製容器包装,碁石,,こ
プラスチック製容器包装,公衆用ＰＨＳ端末,,こ
プラスチック製容器包装,コード,,こ
プラスチック製容器包装,コートハンガー（金属製）,,こ
プラスチック製容器包装,コーヒーメーカー,,こ
プラスチック製容器包装,こたつ（７０㎝以下）,,こ
プラスチック製容器包装,コップ（ガラス製）,,こ
プラスチック製容器包装,琴,,こ
プラスチック製容器包装,粉々のびん,,こ
プラスチック製容器包装,碁盤（厚さ１０㎝以上）,,こ
プラスチック製容器包装,コピー機（家庭用）,,こ
プラスチック製容器包装,ごみ箱(金属製）,,こ
プラスチック製容器包装,ゴムホース（７０㎝超）,伸ばしたときに７０㎝を超えているものは、埋立ごみ,こ
プラスチック製容器包装,ゴムボート,空気を抜いて,こ
プラスチック製容器包装,米びつ（金属製）,,こ
プラスチック製容器包装,コルクボード（７０㎝超）,,こ
プラスチック製容器包装,ゴルフクラブ,カーボン製は埋立ごみ,こ
プラスチック製容器包装,ゴルフバック,,こ
プラスチック製容器包装,コンパクト,,こ
プラスチック製容器包装,コンポスト容器（７０㎝超）,,こ
プラスチック製容器包装,コンロ（バーベキュー用）,,こ
プラスチック製容器包装,サイクリングマシン（「金属以外、７０㎝超」以外）,,さ
プラスチック製容器包装,座いす（金属以外、７０㎝以下）,,さ
プラスチック製容器包装,座いす（金属製）,,さ
プラスチック製容器包装,サイドボード（７０㎝以下）,,さ
プラスチック製容器包装,裁縫箱（金属製）,,さ
プラスチック製容器包装,さしこ（竹製鳥かご、７０㎝超）,,さ
プラスチック製容器包装,サッシ（金属以外）,増改築に伴うものは請け負った業者に処分してもらう,さ
プラスチック製容器包装,サッシ（金属製）,増改築に伴うものは請け負った業者に処分してもらう　　,さ
プラスチック製容器包装,座ぶとん（７０㎝超）,,さ
プラスチック製容器包装,皿,,さ
プラスチック製容器包装,三角コーナー（金属製）,,さ
プラスチック製容器包装,三脚（カメラ、ビデオ）（金属以外）,,さ
プラスチック製容器包装,三脚（カメラ、ビデオ）（金属製）,,さ
プラスチック製容器包装,サングラス,レンズがプラスチック製のものは、燃やすごみ,さ
プラスチック製容器包装,さんご,,さ
プラスチック製容器包装,三輪車,「不用品」と必ず表示,さ
プラスチック製容器包装,CSデジタルアンテナ,,し
プラスチック製容器包装,CSデジタルチューナー,,し
プラスチック製容器包装,ＣＤプレーヤー,,し
プラスチック製容器包装,ＣＤラジカセ,,し
プラスチック製容器包装,シーツ（７０㎝超）,１辺７０ｃｍ以下に裁断すれば、燃やすごみ,し
プラスチック製容器包装,シート（車）,,し
プラスチック製容器包装,磁気マットレス（７０㎝以下）,広げたときに７０㎝を超えているものは、有料粗大ごみ,し
プラスチック製容器包装,磁石,,し
プラスチック製容器包装,七輪,,し
プラスチック製容器包装,自転車,「不用品」と必ず表示,し
プラスチック製容器包装,自転車（電動アシスト付き）,「不用品」と必ず表示・バッテリーは、リサイクル協力店へ,し
プラスチック製容器包装,自動車カバー（７０㎝超）,１辺７０ｃｍ以下に裁断すれば、燃やすごみ,し
プラスチック製容器包装,竹刀（７０㎝超）,,し
プラスチック製容器包装,蛇口,,し
プラスチック製容器包装,ジャッキ,,し
プラスチック製容器包装,ジャングルジム（子ども用遊具）,パイプがプラスチック製または紙製でかつ７０㎝以下ものは燃やすごみ,し
プラスチック製容器包装,シャンデリア（７０㎝以下）,電球は外す,し
プラスチック製容器包装,シャンプードレッサー（７０㎝以下）,,し
プラスチック製容器包装,ジューサー,,し
プラスチック製容器包装,シューズボックス（金属製）,増改築に伴うものは請け負った業者に処分してもらう,し
プラスチック製容器包装,収納ケース・箱・ボックス（金属製）,,し
プラスチック製容器包装,収納棚（金属製）,,し
プラスチック製容器包装,将棋盤（厚さ１0㎝以上）,,し
プラスチック製容器包装,障子（金属製）,増改築に伴うものは請け負った業者に処分してもらう,し
プラスチック製容器包装,浄水器,,し
プラスチック製容器包装,照明器具（「金属以外、７０㎝超」以外）,電球は外す,し
プラスチック製容器包装,照明器具のかさ（ガラス製）,,し
プラスチック製容器包装,照明器具のかさ（金属製）,,し
プラスチック製容器包装,じょうろ(金属製）,,し
プラスチック製容器包装,書棚（金属製）,,し
プラスチック製容器包装,食器（ガラス製・陶磁器製）,,し
プラスチック製容器包装,食器（金属製）,,し
プラスチック製容器包装,食器洗い乾燥機,,し
プラスチック製容器包装,食器洗い器,,し
プラスチック製容器包装,食器乾燥機,,し
プラスチック製容器包装,食器棚（７０㎝以下）,,し
プラスチック製容器包装,ショッピングカート(金属製）,,し
プラスチック製容器包装,書類用バインダーの金具,,し
プラスチック製容器包装,シルバーカー,「不用品」と必ず表示,し
プラスチック製容器包装,人工芝（７０㎝超）,,し
プラスチック製容器包装,水槽（７０㎝以下）,,す
プラスチック製容器包装,水中めがね,レンズがプラスチック製のものは、燃やすごみ,す
プラスチック製容器包装,水筒（金属製）,,す
プラスチック製容器包装,炊飯器（内釜含む）,,す
プラスチック製容器包装,スーツケース（金属製）,,す
プラスチック製容器包装,姿見（７０㎝以下）,,す
プラスチック製容器包装,スキー板（７０㎝以下）,,す
プラスチック製容器包装,スキーキャリア（金属以外）,,す
プラスチック製容器包装,スキーキャリア（金属製）,,す
プラスチック製容器包装,スキャナー,,す
プラスチック製容器包装,スケートボード,,す
プラスチック製容器包装,スコップ（金属製）,,す
プラスチック製容器包装,硯（すずり）,,す
プラスチック製容器包装,すだれ（竹製・プラスチック製・７０㎝超）,１辺７０㎝以下に裁断すれば、燃やすごみ,す
プラスチック製容器包装,スタンドミラー（７０㎝以下）,,す
プラスチック製容器包装,ステレオセット（７０㎝以下）,,す
プラスチック製容器包装,ストーブ,,す
プラスチック製容器包装,ストーブガード,,す
プラスチック製容器包装,スノーダンプ（金属以外・７０㎝超）,,す
プラスチック製容器包装,スノーダンプ（金属製）,,す
プラスチック製容器包装,スノーボード（７０㎝以下）,,す
プラスチック製容器包装,すのこ（７０㎝超）,,す
プラスチック製容器包装,スピーカー（７０㎝以下）,,す
プラスチック製容器包装,スプーン（金属製）,,す
プラスチック製容器包装,ズボンプレッサー（７０㎝以下）,,す
プラスチック製容器包装,スリッパ立て（金属以外・７０㎝超）,,す
プラスチック製容器包装,スリッパ立て（金属製）,,す
プラスチック製容器包装,すり鉢,,す
プラスチック製容器包装,精米機（家庭用）,,せ
プラスチック製容器包装,石油ストーブ,油を抜いて電池を取る,せ
プラスチック製容器包装,石油タンク,油は抜く,せ
プラスチック製容器包装,石油ポンプ（電動式）,電池はとる,せ
プラスチック製容器包装,洗濯ばさみ（金属製）,,せ
プラスチック製容器包装,洗濯用ハンガー（金属製）,,せ
プラスチック製容器包装,栓抜き（金属以外）,,せ
プラスチック製容器包装,栓抜き（金属製）,,せ
プラスチック製容器包装,扇風機（７０㎝以下）,,せ
プラスチック製容器包装,洗面器（金属製）,,せ
プラスチック製容器包装,洗面化粧台（７０㎝以下）,増改築に伴うものは請け負った業者に処分してもらう,せ
プラスチック製容器包装,双眼鏡,,そ
プラスチック製容器包装,掃除機,,そ
プラスチック製容器包装,ソファー（７０㎝以下・スプリングあり）,,そ
プラスチック製容器包装,ソファーベッド（７０㎝以下・スプリングあり）,,そ
プラスチック製容器包装,体温計（水銀を含まない）,電池はとる,た
プラスチック製容器包装,体重計(家庭用）,,た
プラスチック製容器包装,耐火金庫,おおむね５５㎏以上のものは市では収集できません,た
プラスチック製容器包装,台車,,た
プラスチック製容器包装,タイヤチェーン（金属製）,,た
プラスチック製容器包装,タイヤホイール,,た
プラスチック製容器包装,高枝切りばざみ（金属以外）,,た
プラスチック製容器包装,高枝切りばさみ（金属製）,,た
プラスチック製容器包装,竹馬（金属製）,,た
プラスチック製容器包装,竹馬（竹・木製、７０㎝超）,,た
プラスチック製容器包装,竹ぼうき（７０㎝超）,,た
プラスチック製容器包装,たらい(金属製）,,た
プラスチック製容器包装,たる（７０㎝超）,,た
プラスチック製容器包装,たわし(金属製）,,た
プラスチック製容器包装,ダンベル（金属製）,,た
プラスチック製容器包装,チェーン（金属製）,,ち
プラスチック製容器包装,地球儀,,ち
プラスチック製容器包装,地上デジタルチューナー,,ち
プラスチック製容器包装,チャイルドシート,,ち
プラスチック製容器包装,茶碗,,ち
プラスチック製容器包装,チューナー,,ち
プラスチック製容器包装,調理台（７０㎝以下）,増改築に伴うものは請け負った業者に処分してもらう,ち
プラスチック製容器包装,ちりとり（金属製）,,ち
プラスチック製容器包装,ついたて（金属製）,,つ
プラスチック製容器包装,使い捨てカイロ,,つ
プラスチック製容器包装,机（金属製）,,つ
プラスチック製容器包装,漬けもの石（市販のもの）,,つ
プラスチック製容器包装,漬けもの桶,７０㎝以下なら燃やすごみ,つ
プラスチック製容器包装,つぼ,,つ
プラスチック製容器包装,釣りざお,,つ
プラスチック製容器包装,つるはし,,つ
プラスチック製容器包装,DVDプレーヤー,,て
プラスチック製容器包装,ディスプレイ（パソコン以外）,,て
プラスチック製容器包装,テーブル（金属製）,,て
プラスチック製容器包装,テープレコーダー,,て
プラスチック製容器包装,手押し車,「不用品」と必ず表示,て
プラスチック製容器包装,手鏡,,て
プラスチック製容器包装,手提げ金庫,,て
プラスチック製容器包装,デジタルカメラ,電池はとる,て
プラスチック製容器包装,デジタル血圧計,電池はとる,て
プラスチック製容器包装,鉄アレイ,,て
プラスチック製容器包装,鉄板（バーベキュー用）,,て
プラスチック製容器包装,鉄棒（子ども用遊具）,,て
プラスチック製容器包装,テニスラケット,,て
プラスチック製容器包装,テレビゲーム,,て
プラスチック製容器包装,テレビ台（金属製）,,て
プラスチック製容器包装,電気アンカ,,て
プラスチック製容器包装,電気カーペット（７０㎝以下）,広げたときに７０㎝を超えているものは、有料粗大ごみ,て
プラスチック製容器包装,電気かみそり,,て
プラスチック製容器包装,電気コード,,て
プラスチック製容器包装,電気こたつ（７０㎝以下）,,て
プラスチック製容器包装,電気炊飯器（内釜含む）,,て
プラスチック製容器包装,電気スタンド（「金属以外、７０㎝超」以外）,,て
プラスチック製容器包装,電気ストーブ,,て
プラスチック製容器包装,電気のこぎり,,て
プラスチック製容器包装,電気ポット,,て
プラスチック製容器包装,電気毛布（７０㎝以下）,広げたときに７０㎝を超えているものは、有料粗大ごみ,て
プラスチック製容器包装,電球,,て
プラスチック製容器包装,電気ランタン,電池は取る,て
プラスチック製容器包装,電子辞書,,て
プラスチック製容器包装,電磁調理器,,て
プラスチック製容器包装,電子手帳,,て
プラスチック製容器包装,電子レンジ,,て
プラスチック製容器包装,天体望遠鏡,,て
プラスチック製容器包装,電卓,,て
プラスチック製容器包装,テント（レジャー用）,,て
プラスチック製容器包装,点灯管,,て
プラスチック製容器包装,電動かんな,,て
プラスチック製容器包装,電動自転車,「不用品」と必ず表示・バッテリーは、リサイクル協力店へ　,て
プラスチック製容器包装,電動ドリル,,て
プラスチック製容器包装,電動のこぎり,,て
プラスチック製容器包装,テントの支柱（レジャー用、金属製）,,て
プラスチック製容器包装,電話機,,て
プラスチック製容器包装,電話台,,て
プラスチック製容器包装,ドア（金属以外）,増改築に伴うものは請け負った業者に処分してもらう,と
プラスチック製容器包装,ドア（金属製）,増改築に伴うものは請け負った業者に処分してもらう,と
プラスチック製容器包装,砥石,,と
プラスチック製容器包装,陶器製食器（湯飲み・茶碗・皿など）,,と
プラスチック製容器包装,灯油缶（プラスチック製）,中身が残っているものは市で収集しませんので専門業者に処分を依頼してください,と
プラスチック製容器包装,灯油缶（金属製）,中身が残っているものは市で収集しませんので専門業者に処分を依頼してください,と
プラスチック製容器包装,トースター,,と
プラスチック製容器包装,時計（壁掛け・目覚まし・腕）,,と
プラスチック製容器包装,戸棚（金属製）,,と
プラスチック製容器包装,トタン板,,と
プラスチック製容器包装,ドライバー,全体の８０％以上金属のものは、埋立ごみの日の金属へ,と
プラスチック製容器包装,ドラム缶（あき缶）,,と
プラスチック製容器包装,トランク（金属製）,,と
プラスチック製容器包装,トランシーバー,,と
プラスチック製容器包装,トランポリン（子ども用遊具）,,と
プラスチック製容器包装,鳥かご（金属製）,,と
プラスチック製容器包装,塗料容器（金属製）,中身が残っているものは市で収集しませんので専門業者に処分を依頼してください,と
プラスチック製容器包装,トレーニング機器（金属以外・７０㎝以下）,プラスチック製、ゴム製のものは燃やすごみ、電動のものは埋立ごみの日の金属へ,と
プラスチック製容器包装,トレーニング機器（金属製）,,と
プラスチック製容器包装,ドレッサー（７０㎝以下）,,と
プラスチック製容器包装,トロフィー,プラスチック製のものは、燃やすごみ,と
プラスチック製容器包装,ナイフ,刃を紙で包み「危険」と表示して、他のごみと分ける,な
プラスチック製容器包装,流し台（７０㎝以下）,,な
プラスチック製容器包装,ながもち（７０㎝以下）,,な
プラスチック製容器包装,ナタ（鉈）,刃を紙で包み「危険」と表示して他のごみと分ける,な
プラスチック製容器包装,ナツメ球,,な
プラスチック製容器包装,鍋（金属製）,,な
プラスチック製容器包装,鍋（耐熱ガラス製）,,な
プラスチック製容器包装,生ごみ処理機(家庭用・電気式）,,な
プラスチック製容器包装,なまり（釣り用おもり）,,な
プラスチック製容器包装,波板（金属製）,,な
プラスチック製容器包装,荷造り用ひもバンド（７０㎝超）,７０㎝以下に裁断すれば、燃やすごみ,に
プラスチック製容器包装,日本人形ケース,,に
プラスチック製容器包装,庭池,,に
プラスチック製容器包装,人形（ぬいぐるみ、７０㎝超）,,に
プラスチック製容器包装,人形ケース,,に
プラスチック製容器包装,ぬいぐるみ（７０㎝超）,,ぬ
プラスチック製容器包装,猫砂（粘土製）,,ね
プラスチック製容器包装,寝袋（７０㎝超）,,ね
プラスチック製容器包装,ねんど（学用品）,,ね
プラスチック製容器包装,農薬のびん（家庭菜園用）,中身が残っているものは市で収集できないので専門業者に処分を依頼,の
プラスチック製容器包装,のこぎり,,の
プラスチック製容器包装,ノブ（ドア）,,の
プラスチック製容器包装,のみ（鑿）,,の
プラスチック製容器包装,海苔の缶（２５㎝以上）,,の
プラスチック製容器包装,ハードディスクドライブ（ＨＤＤ）,,は
プラスチック製容器包装,バーベキューコンロ,,は
プラスチック製容器包装,バーベル,,は
プラスチック製容器包装,ハーモニカ,,は
プラスチック製容器包装,灰皿（ガラス製・陶器製）,,は
プラスチック製容器包装,パイプいす（金属製）,,は
プラスチック製容器包装,はかり（料理用）,,は
プラスチック製容器包装,剥製（はくせい）,,は
プラスチック製容器包装,白熱球,,は
プラスチック製容器包装,バケツ（金属製）,,は
プラスチック製容器包装,はさみ（金属以外）,,は
プラスチック製容器包装,はさみ（金属製）,,は
プラスチック製容器包装,はしご（金属製）,,は
プラスチック製容器包装,柱時計,,は
プラスチック製容器包装,バスケットゴール（金属製）,,は
プラスチック製容器包装,パソコン机（金属製）,,は
プラスチック製容器包装,パソコン用キーボード,,は
プラスチック製容器包装,パソコン用プリンター,,は
プラスチック製容器包装,パソコン用ラック（金属製）,,は
プラスチック製容器包装,パチンコ・スロット台（個人用）,,は
プラスチック製容器包装,バット（木製、７０㎝超）,,は
プラスチック製容器包装,バット（金属製）,,は
プラスチック製容器包装,花台（金属以外、７０㎝超）,,は
プラスチック製容器包装,花台（金属製）,,は
プラスチック製容器包装,パネルヒーター,,は
プラスチック製容器包装,歯ブラシ（電動）,電池はとる,は
プラスチック製容器包装,針,紙で包み「危険」と表示,は
プラスチック製容器包装,針金,,は
プラスチック製容器包装,ハロゲンストーブ,,は
プラスチック製容器包装,ハンガー（金属製）,,は
プラスチック製容器包装,ハンガースタンド（金属製）,,は
プラスチック製容器包装,飯ごう,,は
プラスチック製容器包装,パンツプレス（７０㎝以下）,,は
プラスチック製容器包装,ハンドヘルドゲーム,,は
プラスチック製容器包装,ハンマー（金属製）,,は
プラスチック製容器包装,ハンマー（木製、７０㎝超）,,は
プラスチック製容器包装,ＰＰバンド（７０㎝超）,７０㎝以下に裁断すれば、燃やすごみ,ひ
プラスチック製容器包装,ビーチパラソル,,ひ
プラスチック製容器包装,ビー玉,,ひ
プラスチック製容器包装,ひげそり（手動式）,刃を紙で包み「危険」と表示して他のごみと分ける,ひ
プラスチック製容器包装,ひげそり（電気式）,電池はとる,ひ
プラスチック製容器包装,ＶＩＣＳ（ビックス）ユニット,,ひ
プラスチック製容器包装,ビデオカメラ,電池はとる,ひ
プラスチック製容器包装,ビデオデッキ,,ひ
プラスチック製容器包装,ビニールシート（家庭菜園用）,,ひ
プラスチック製容器包装,ビニールホース,,ひ
プラスチック製容器包装,ビニールロッカー（７０㎝以下）,,ひ
プラスチック製容器包装,火鉢,,ひ
プラスチック製容器包装,百円ライター,ガスを使い切って,ひ
プラスチック製容器包装,ファクシミリ,,ふ
プラスチック製容器包装,ファンシーケース（金属製）,,ふ
プラスチック製容器包装,ファンヒーター,油を抜いて電池を取る,ふ
プラスチック製容器包装,フォーク（金属製）,刃を紙で包み「危険」と表示して、他のごみと分ける,ふ
プラスチック製容器包装,フォトプリンター,,ふ
プラスチック製容器包装,仏壇（７０㎝以下）,,ふ
プラスチック製容器包装,筆箱（金属製）,,ふ
プラスチック製容器包装,ふとん乾燥機,,ふ
プラスチック製容器包装,ふとんたたき（金属製）,,ふ
プラスチック製容器包装,フライパン,,ふ
プラスチック製容器包装,ブラインド（金属以外）,１辺７０㎝以下に裁断すれば、燃やすごみ,ふ
プラスチック製容器包装,ブラインド（金属製）,,ふ
プラスチック製容器包装,プラグ・ジャック,,ふ
プラスチック製容器包装,ぶらさがり健康器,全体の８０％以上金属のものは、埋立ごみの日の金属へ,ふ
プラスチック製容器包装,フラワースタンド（金属製）,,ふ
プラスチック製容器包装,ブランコ（金属製）,,ふ
プラスチック製容器包装,プリンター,,ふ
プラスチック製容器包装,ブルーレイディスクレコーダー/プレーヤー,,ふ
プラスチック製容器包装,プレーヤー,,ふ
プラスチック製容器包装,フロアスタンド（「金属以外、７０㎝超」以外）,,ふ
プラスチック製容器包装,風呂がま,増改築に伴うものは請け負った業者に処分してもらう,ふ
プラスチック製容器包装,プロジェクター,,ふ
プラスチック製容器包装,風呂のふた,７０㎝以下に切れば燃やすごみ,ふ
プラスチック製容器包装,噴霧器（園芸用）,,ふ
プラスチック製容器包装,文鎮（金属以外）,,ふ
プラスチック製容器包装,文鎮（金属製）,,ふ
プラスチック製容器包装,ヘアードライヤー,,へ
プラスチック製容器包装,ヘアーブラシ（金属製）,,へ
プラスチック製容器包装,ベッド（金属製）,,へ
プラスチック製容器包装,ペット小屋（金属製）,,へ
プラスチック製容器包装,ヘッドホン,,へ
プラスチック製容器包装,ベビーカー（７０㎝以下）,,へ
プラスチック製容器包装,ベビーシート,,へ
プラスチック製容器包装,ベビーチェアー,,へ
プラスチック製容器包装,ベビーベッド（金属製）,,へ
プラスチック製容器包装,ベビーラック,,へ
プラスチック製容器包装,ベランダ収納庫（金属製）,,へ
プラスチック製容器包装,ヘルスメーター,,へ
プラスチック製容器包装,ベンチ（金属製）,,へ
プラスチック製容器包装,ベンチプレスマシン（金属以外、７０㎝以下）,,へ
プラスチック製容器包装,ベンチプレスマシン（金属製）,,へ
プラスチック製容器包装,ホイール（自動車用・アルミ・スチール製）,,ほ
プラスチック製容器包装,ボイラー,増改築に伴うものは請け負った業者に処分してもらう,ほ
プラスチック製容器包装,望遠鏡,,ほ
プラスチック製容器包装,ほうき（７０㎝超）,,ほ
プラスチック製容器包装,包丁（金属製）,刃を紙で包み「危険」と表示して、他のごみと分ける　,ほ
プラスチック製容器包装,包丁（セラミック製）,刃を紙で包み「危険」と表示して、他のごみと分ける　,ほ
プラスチック製容器包装,ボウリングのボール,,ほ
プラスチック製容器包装,ボウル（金属製）,,ほ
プラスチック製容器包装,ボウル（耐熱ガラス製）,,ほ
プラスチック製容器包装,ホース,,ほ
プラスチック製容器包装,ホースリール（金属製）,,ほ
プラスチック製容器包装,ポータブルコピー機,,ほ
プラスチック製容器包装,ホームベーカリー,,ほ
プラスチック製容器包装,ホームラック（金属製）,,ほ
プラスチック製容器包装,ホーロー鍋,,ほ
プラスチック製容器包装,木刀（７０㎝超）,,ほ
プラスチック製容器包装,歩行器（ベビー用）,,ほ
プラスチック製容器包装,ポット,,ほ
プラスチック製容器包装,ホットカーペット（７０㎝以下）,広げたときに７０㎝を超えているものは、有料粗大ごみ,ほ
プラスチック製容器包装,ホットプレート,,ほ
プラスチック製容器包装,ホッピング,全体の８０％以上金属のものは、埋立ごみの日の金属へ,ほ
プラスチック製容器包装,ほ乳びん,,ほ
プラスチック製容器包装,ポリタンク,中身を抜く,ほ
プラスチック製容器包装,ポリバケツ（７０㎝超）,,ほ
プラスチック製容器包装,ホワイトボード,,ほ
プラスチック製容器包装,本棚（金属製）,,ほ
プラスチック製容器包装,マイク,,ま
プラスチック製容器包装,マガジンラック（金属製）,,ま
プラスチック製容器包装,枕（７０㎝超）,,ま
プラスチック製容器包装,マッサージ機（いす型、７０㎝以下）,,ま
プラスチック製容器包装,マッサージ機（いす型以外）,,ま
プラスチック製容器包装,窓用換気扇（７０㎝以下）,,ま
プラスチック製容器包装,マルチシート（家庭菜園用・７０㎝超）,７０㎝以下に裁断すれば、燃やすごみ,ま
プラスチック製容器包装,マレットゴルフスティック,,ま
プラスチック製容器包装,ミキサー,,み
プラスチック製容器包装,ミシン（「金属以外、７０㎝超」以外）,,み
プラスチック製容器包装,ミシン（卓上型）,,み
プラスチック製容器包装,ミニコンポ,,み
プラスチック製容器包装,虫めがね,レンズがプラスチック製のものは、燃やすごみ,む
プラスチック製容器包装,むしろ（７０㎝超）,広げたときに７０㎝を超えているものは、埋立ごみ,む
プラスチック製容器包装,めがね,,め
プラスチック製容器包装,めがねケース（金属製）,,め
プラスチック製容器包装,メモリー類（ＳＤカード、ＵＳＢメモリなど）,,め
プラスチック製容器包装,面（野球・剣道用）,,め
プラスチック製容器包装,餅つき機,,も
プラスチック製容器包装,モップ,,も
プラスチック製容器包装,モデム,,も
プラスチック製容器包装,物置（小型）,,も
プラスチック製容器包装,物干し（室内用）,,も
プラスチック製容器包装,物干しざお（金属製）,,も
プラスチック製容器包装,物干し台（金属以外、７０㎝以下）,,も
プラスチック製容器包装,物干し台（金属製）,,も
プラスチック製容器包装,やかん（金属製）,,や
プラスチック製容器包装,薬品のびん,,や
プラスチック製容器包装,薬品容器（ガラス製）,,や
プラスチック製容器包装,薬品容器（金属製）,,や
プラスチック製容器包装,床暖房パネル,,ゆ
プラスチック製容器包装,湯たんぽ（金属製）,,ゆ
プラスチック製容器包装,湯飲み茶碗,,ゆ
プラスチック製容器包装,湯沸かし器,電池はとる,ゆ
プラスチック製容器包装,浴槽（金属以外、７０㎝以下）,,よ
プラスチック製容器包装,浴槽（金属製）,,よ
プラスチック製容器包装,よしず（７０㎝超）,,よ
プラスチック製容器包装,ライター,ガスを使い切って、専用のカゴに入れてください,ら
プラスチック製容器包装,ライティングデスク（金属製）,,ら
プラスチック製容器包装,ラケット,,ら
プラスチック製容器包装,ラジオ,,ら
プラスチック製容器包装,ラジカセ,,ら
プラスチック製容器包装,ラジコンカー,電池はとる,ら
プラスチック製容器包装,ランタン,油は抜く。電気ランタンは、埋立ごみの日の金属へ　,ら
プラスチック製容器包装,ランチジャー,,ら
プラスチック製容器包装,ランニングマシン（「金属以外、７０㎝超」以外）,,ら
プラスチック製容器包装,リール（釣り用）,,り
プラスチック製容器包装,リビングライト（「金属以外、７０㎝超」以外）,,り
プラスチック製容器包装,離乳食のびん,,り
プラスチック製容器包装,リモコン（電化製品用）,電池はとる,り
プラスチック製容器包装,料理用はかり,,り
プラスチック製容器包装,旅行かばん（金属製）,,り
プラスチック製容器包装,ルーフボックス（車両用、７０㎝以下）,,る
プラスチック製容器包装,ルームランナー（「金属以外、７０㎝超」以外）,,る
プラスチック製容器包装,冷風機,,れ
プラスチック製容器包装,冷風扇,,れ
プラスチック製容器包装,レーザーディスクプレイヤー,,れ
プラスチック製容器包装,レジャーテーブル（金属製）,,れ
プラスチック製容器包装,レンジ台（金属以外、７０㎝超）,,れ
プラスチック製容器包装,レンジ台（金属製）,,れ
プラスチック製容器包装,レンジフードファン,,れ
プラスチック製容器包装,ロープ（金属以外・７０㎝超）,１辺７０㎝以下に裁断すれば、燃やすごみ,ろ
プラスチック製容器包装,ローラースケート,,ろ
プラスチック製容器包装,ローラーブレード,,ろ
プラスチック製容器包装,ロッカー（金属製）,,ろ
プラスチック製容器包装,ロッキングチェア（金属製）,,ろ
プラスチック製容器包装,ワープロ,「ワープロ」と表示,わ
プラスチック製容器包装,ワイヤーロープ,,わ
プラスチック製容器包装,ワゴン（金属以外、７０㎝以下）,,わ
プラスチック製容器包装,ワゴン（金属製）,,わ
プラスチック製容器包装,割れたガラス,紙で包み「危険」と表示,わ
プラスチック製容器包装,割れたコップ,紙で包み「危険」と表示,わ
缶・びん・ペットボトル、小さな金属類,アイスクリームのカップ容器(プラスチック）,紙製のものは燃やすごみ,あ
缶・びん・ペットボトル、小さな金属類,アルミ缶,ひと洗いする・つぶさない・たばこの吸いがらなどを入れない,あ
缶・びん・ペットボトル、小さな金属類,いちごケース,,い
缶・びん・ペットボトル、小さな金属類,インスタント食品のプラスチック容器,,い
缶・びん・ペットボトル、小さな金属類,インスタントラーメンの袋,,い
缶・びん・ペットボトル、小さな金属類,植木鉢（苗木ポット）,,う
缶・びん・ペットボトル、小さな金属類,ウオッシャー液のプラスチックボトル,キャップを外す・中身を使いきってひと洗い,う
缶・びん・ペットボトル、小さな金属類,液体ワックスのプラスチックボトル,キャップを外す・中身を使いきってひと洗い,え
缶・びん・ペットボトル、小さな金属類,枝豆のネット,,え
缶・びん・ペットボトル、小さな金属類,王冠（金属製）,,お
缶・びん・ペットボトル、小さな金属類,王冠（プラスチック製）,,お
缶・びん・ペットボトル、小さな金属類,お菓子の缶（２５㎝未満）,,お
缶・びん・ペットボトル、小さな金属類,温度計（水銀を含む）,,お
缶・びん・ペットボトル、小さな金属類,菓子の袋,裏が銀色でも対象,か
缶・びん・ペットボトル、小さな金属類,菓子のプラスチック容器,,か
缶・びん・ペットボトル、小さな金属類,カセットボンベ,使い切ってから火気のない屋外で穴をあける,か
缶・びん・ペットボトル、小さな金属類,カップ麺の包装フィルム,,か
缶・びん・ペットボトル、小さな金属類,カップ麺の容器（プラスチック製）,,か
缶・びん・ペットボトル、小さな金属類,カレーのプラスチック容器,,か
缶・びん・ペットボトル、小さな金属類,缶（飲料缶・缶詰）,,か
缶・びん・ペットボトル、小さな金属類,缶（菓子缶・ミルク缶など、２５㎝未満）,,か
缶・びん・ペットボトル、小さな金属類,缶（酒缶・燗のできるもの）,,か
缶・びん・ペットボトル、小さな金属類,缶（スプレー缶）,使い切ってから火気のない屋外で穴をあける,か
缶・びん・ペットボトル、小さな金属類,乾電池,,か
缶・びん・ペットボトル、小さな金属類,キャップ（金属製）,,き
缶・びん・ペットボトル、小さな金属類,キャラメルの包装フィルム,,き
缶・びん・ペットボトル、小さな金属類,薬のシート,,く
缶・びん・ペットボトル、小さな金属類,口紅の容器（プラスチック製）,,く
缶・びん・ペットボトル、小さな金属類,蛍光灯(管）,,け
缶・びん・ペットボトル、小さな金属類,化粧品のプラスチックボトル,キャップを外す,け
缶・びん・ペットボトル、小さな金属類,化粧容器（プラスチック製）,,け
缶・びん・ペットボトル、小さな金属類,紅茶のプラスチック容器,,こ
缶・びん・ペットボトル、小さな金属類,米袋,紙製のものはダンボールと同じ扱い,こ
缶・びん・ペットボトル、小さな金属類,魚のトレイ,スーパーの店頭回収をご利用ください,さ
缶・びん・ペットボトル、小さな金属類,魚の包装フィルム,,さ
缶・びん・ペットボトル、小さな金属類,湿布剤のフィルム,,し
缶・びん・ペットボトル、小さな金属類,シャンプーのプラスチックボトル,キャップを外す,し
缶・びん・ペットボトル、小さな金属類,充電式電池,電池リサイクル協力店でも回収しています,し
缶・びん・ペットボトル、小さな金属類,食品のトレイ,スーパーの店頭回収をご利用ください,し
缶・びん・ペットボトル、小さな金属類,食用油のプラスチックボトル,キャップを外す　　,し
缶・びん・ペットボトル、小さな金属類,除湿機,「除湿機」と必ず表示,し
缶・びん・ペットボトル、小さな金属類,スーパーの袋（レジ袋）,,す
缶・びん・ペットボトル、小さな金属類,スチール缶,ひと洗いする・つぶさない・たばこの吸いがらなどを入れない,す
缶・びん・ペットボトル、小さな金属類,スプレー缶,使い切ってから火気のない屋外で穴をあける,す
缶・びん・ペットボトル、小さな金属類,洗剤のキャップ（プラスチック製）,,せ
缶・びん・ペットボトル、小さな金属類,惣菜のトレイ,スーパーの店頭回収をご利用ください,そ
缶・びん・ペットボトル、小さな金属類,惣菜のプラスチック容器,,そ
缶・びん・ペットボトル、小さな金属類,ソースのプラスチックボトル,キャップを外す,そ
缶・びん・ペットボトル、小さな金属類,体温計（水銀含む）,,た
缶・びん・ペットボトル、小さな金属類,卓上ボンベ(カセットコンロ用）,使い切ってから火気のない屋外で穴をあける,た
缶・びん・ペットボトル、小さな金属類,たばこの包装フィルム,,た
缶・びん・ペットボトル、小さな金属類,卵パック(プラスチック製）,,た
缶・びん・ペットボトル、小さな金属類,たまねぎのネット,,た
缶・びん・ペットボトル、小さな金属類,チューブのキャップ（プラスチック製）,,ち
缶・びん・ペットボトル、小さな金属類,トイレットペーパーの袋,,と
缶・びん・ペットボトル、小さな金属類,豆腐のプラスチック容器,,と
缶・びん・ペットボトル、小さな金属類,トレイ（食品用）,スーパーの店頭回収をご利用ください,と
缶・びん・ペットボトル、小さな金属類,トロ箱,,と
缶・びん・ペットボトル、小さな金属類,苗木ポット,,な
缶・びん・ペットボトル、小さな金属類,納豆の包装フィルム,,な
缶・びん・ペットボトル、小さな金属類,肉のトレイ,スーパーの店頭回収をご利用ください,に
缶・びん・ペットボトル、小さな金属類,肉の包装フィルム,,に
缶・びん・ペットボトル、小さな金属類,乳酸飲料のカップ容器,,に
缶・びん・ペットボトル、小さな金属類,入浴剤のフタ（プラスチック製）,,に
缶・びん・ペットボトル、小さな金属類,ノートの包装フィルム,,の
缶・びん・ペットボトル、小さな金属類,海苔の缶（２５㎝未満）,,の
缶・びん・ペットボトル、小さな金属類,海苔のプラスチック容器,,の
缶・びん・ペットボトル、小さな金属類,バッテリー（携帯電話、電気製品）,なるべく、販売店に引き取りを依頼してください,は
缶・びん・ペットボトル、小さな金属類,発泡スチロールの緩衝材,,は
缶・びん・ペットボトル、小さな金属類,発泡スチロールの箱,,は
缶・びん・ペットボトル、小さな金属類,発泡スチロールの容器,,は
缶・びん・ペットボトル、小さな金属類,発泡トレイ,スーパーの店頭回収をご利用ください,は
缶・びん・ペットボトル、小さな金属類,漂白剤のプラスチックボトル,キャップを外す,ひ
缶・びん・ペットボトル、小さな金属類,プラスチック容器,,ふ
缶・びん・ペットボトル、小さな金属類,プラスチック製容器・包装,,ふ
缶・びん・ペットボトル、小さな金属類,ペットボトル,キャップを外す,へ
缶・びん・ペットボトル、小さな金属類,ペットボトルのキャップ（金属製）,,へ
缶・びん・ペットボトル、小さな金属類,ペットボトルのキャップ（プラスチック製）,,へ
缶・びん・ペットボトル、小さな金属類,ペットボトルのラベル,,へ
缶・びん・ペットボトル、小さな金属類,包装用フィルム,,ほ
缶・びん・ペットボトル、小さな金属類,ボタン電池,電池リサイクル協力店でも回収しています,ほ
缶・びん・ペットボトル、小さな金属類,マーガリンのプラスチック容器,,ま
缶・びん・ペットボトル、小さな金属類,味噌のプラスチック容器,,み
缶・びん・ペットボトル、小さな金属類,薬品のプラスチックボトル,キャップを外す,や
缶・びん・ペットボトル、小さな金属類,薬品容器（プラスチック製）,,や
缶・びん・ペットボトル、小さな金属類,野菜のトレイ,スーパーの店頭回収をご利用ください,や
缶・びん・ペットボトル、小さな金属類,野菜の包装フィルム,,や
缶・びん・ペットボトル、小さな金属類,ヨーグルトのカップ容器,,よ
缶・びん・ペットボトル、小さな金属類,ヨーグルトの包装フィルム,,よ
缶・びん・ペットボトル、小さな金属類,リンスのプラスチックボトル,キャップを外す,り
缶・びん・ペットボトル、小さな金属類,冷水器,なるべく、販売店に引き取りを依頼してください。缶・びん・ペットボトル、小さな金属類の日に出す場合はフロン回収製品・冷水器と表示,れ
缶・びん・ペットボトル、小さな金属類,レジ袋,,れ
燃やすごみ,アイスノン,,あ
燃やすごみ,アイスボックス（７０㎝以下）,,あ
燃やすごみ,アイロン台（７０㎝以下）,,あ
燃やすごみ,足こぎ四輪車（幼児用）（「金属製または電動製」以外）,,あ
燃やすごみ,足ふきマット（繊維製・ゴム製、７０㎝以下）,広げたときに７０㎝を超えているものは、有料粗大ごみ,あ
燃やすごみ,アルバム,金具類はなるべく外してあき缶以外の金属に出す,あ
燃やすごみ,アルミ箔,,あ
燃やすごみ,アルミ箔の芯（紙製等）,,あ
燃やすごみ,安全ピン（金属以外）,,あ
燃やすごみ,衣装掛け（金属以外、７０㎝以下）,,い
燃やすごみ,衣装ケース（金属以外、７０㎝以下）,,い
燃やすごみ,いす（金属以外、７０㎝以下）,,い
燃やすごみ,板きれ（７０㎝まで）*太さ１０ｃｍ程度まで,ひもでしばって束ねて１回３束程度を目安に・多い場合は有料戸別収集で,い
燃やすごみ,衣類,,い
燃やすごみ,インクカートリッジ,なるべく販売店にひき取ってもらってください,い
燃やすごみ,インクリボン,なるべく販売店にひき取ってもらってください,い
燃やすごみ,植木台（金属以外・７０㎝以下）,,う
燃やすごみ,植木鉢（プラスチック製）,,う
燃やすごみ,浮き輪（７０㎝以下）,空気を抜いて,う
燃やすごみ,ウッドカーペット（７０㎝以下）,広げたときに７０㎝を超えているものは、有料粗大ごみ,う
燃やすごみ,枝きれ（太さ10㎝程度、長さ７０㎝まで）,ひもでしばって束ねて１回３束程度を目安に・多い場合は有料戸別収集で,え
燃やすごみ,縁台（金属以外・７０㎝以下）,,え
燃やすごみ,鉛筆削り（電動製以外）,,え
燃やすごみ,桶（金属以外・７０㎝以下）,,お
燃やすごみ,押し入れだんす（７０㎝以下）,,お
燃やすごみ,落ち葉,１回３袋程度を目安に・多い場合は有料戸別収集で,お
燃やすごみ,おまる(幼児用）,汚物はトイレに捨てる,お
燃やすごみ,おむつ,汚物はトイレに捨てる,お
燃やすごみ,おもちゃ（「金属製または電動製」以外のもの）,,お
燃やすごみ,折りたたみいす（金属以外、７０㎝以下）,,お
燃やすごみ,折りたたみテーブル（金属以外、７０㎝以下）,ガラス製のものは、埋立ごみ,お
燃やすごみ,カーテン（７０㎝以下）,広げたときに７０㎝を超えているものは、埋立ごみ,か
燃やすごみ,カーテンレール（金属以外、７０㎝以下）,,か
燃やすごみ,カーペット（７０㎝以下）,広げたときに７０㎝を超えているものは、有料粗大ごみ,か
燃やすごみ,カーボン紙,,か
燃やすごみ,貝殻（食べ残し）,,か
燃やすごみ,回転ハンガー（金属以外、７０㎝以下）,,か
燃やすごみ,学習机（金属以外、７０㎝以下）,,か
燃やすごみ,傘立て(プラスチック製）,,か
燃やすごみ,傘の布・ビニール,,か
燃やすごみ,菓子箱,できるだけ、各校下・地区の集団回収をご利用ください,か
燃やすごみ,カセットテープ,,か
燃やすごみ,カセットテープのケース,,か
燃やすごみ,カップ麺の容器（紙製）,,か
燃やすごみ,かつら,,か
燃やすごみ,かばん（アタッシュケース）（金属以外）,,か
燃やすごみ,かばん（革製）,,か
燃やすごみ,かばん（ナイロン製・ビニル製）,塩化ビニル製のものは埋立ごみへ,か
燃やすごみ,かばん（ランドセル）,,か
燃やすごみ,紙おむつ,汚物はトイレに捨てる,か
燃やすごみ,紙くず,,か
燃やすごみ,神棚（７０㎝以下）,,か
燃やすごみ,紙パック（裏がアルミ処理してあるもの）,,か
燃やすごみ,紙パック（裏がアルミ処理してないもの）,各校下・地区の集団回収をご利用ください（水で洗って切り開き乾かす）,か
燃やすごみ,カメラケース,,か
燃やすごみ,カラーボックス（７０㎝以下）,,か
燃やすごみ,革靴,,か
燃やすごみ,皮むき器（プラスチック製）,,か
燃やすごみ,簡易トイレ,汚物はトイレに捨てる,か
燃やすごみ,換気扇カバー,,か
燃やすごみ,乾燥剤,,か
燃やすごみ,感熱紙,,か
燃やすごみ,ギター（７０㎝以下）,,き
燃やすごみ,ギターケース（７０㎝以下）,,き
燃やすごみ,キッチンマット（繊維製・ゴム製、７０㎝以下）,広げたときに７０㎝を超えているものは、有料粗大ごみ,き
燃やすごみ,牛乳パック,各校下・地区の集団回収をご利用ください（水で洗って切り開き乾かす）,き
燃やすごみ,空気入れ（金属以外）,,く
燃やすごみ,クーラーボックス（７０㎝以下）,,く
燃やすごみ,草ごみ,どろをはらって乾燥させる,く
燃やすごみ,鎖（金属以外）,,く
燃やすごみ,串(木製）,先を折って危なくないように,く
燃やすごみ,くつ（ズック、革靴、革ブーツ、サンダル）,,く
燃やすごみ,くつのスパイク（金属以外）,,く
燃やすごみ,くつ下,,く
燃やすごみ,クッション（７０㎝以下）,,く
燃やすごみ,グラタン皿（アルミ製）,,く
燃やすごみ,車(幼児用）（「金属製または電動製」以外・７０㎝以下),,く
燃やすごみ,グローブ（野球用など）,,く
燃やすごみ,ゲームソフト,カセットタイプのものは、埋立ごみの日の金属,け
燃やすごみ,げた箱（金属以外、７０㎝以下）,増改築に伴うものは請け負った業者に処分してもらう,け
燃やすごみ,ケチャップのチューブ,キャップは缶・びん・ペットボトル、小さな金属類（容プラ）,け
燃やすごみ,玄関マット（繊維製・ゴム製、７０㎝以下）,広げたときに７０㎝を超えているものは、有料粗大ごみ,け
燃やすごみ,剣道用具（こて）,,け
燃やすごみ,剣道用具（竹刀、７０㎝以下）,,け
燃やすごみ,剣道用具（胴）,,け
燃やすごみ,工作用のりのチューブ,キャップを外す,こ
燃やすごみ,ゴーグル,,こ
燃やすごみ,コートハンガー（金属以外、７０㎝以下）,,こ
燃やすごみ,氷枕（ゴム製）,,こ
燃やすごみ,ござ（７０㎝以下）,広げたときに７０㎝を超えているものは、有料粗大ごみ,こ
燃やすごみ,コップ（プラスチック製）,,こ
燃やすごみ,碁盤（厚さ１０㎝未満）,,こ
燃やすごみ,ごみ箱(金属以外）,,こ
燃やすごみ,ゴム手袋,,こ
燃やすごみ,ゴム長靴,,こ
燃やすごみ,ゴムホース（７０㎝以下）,伸ばしたときに７０㎝を超えているものは、埋立ごみ,こ
燃やすごみ,米びつ（金属以外、７０㎝以下）,,こ
燃やすごみ,コルクボード（７０㎝以下）,,こ
燃やすごみ,ゴルフシューズ,,こ
燃やすごみ,コンポスト容器（７０㎝以下）,,こ
燃やすごみ,サーフボード（７０㎝以下）,,さ
燃やすごみ,裁縫箱（金属以外）,,さ
燃やすごみ,サインペン,,さ
燃やすごみ,さしこ（竹製鳥かご、７０㎝以下）,,さ
燃やすごみ,座卓（７０㎝以下）,,さ
燃やすごみ,雑誌,各校下・地区の集団回収をご利用ください,さ
燃やすごみ,座ぶとん（７０㎝以下）,,さ
燃やすごみ,ザル（プラスチック製）,,さ
燃やすごみ,三角コーナー（金属以外）,,さ
燃やすごみ,サンダル,,さ
燃やすごみ,ＣＤ,,し
燃やすごみ,ＣＤのケース,,し
燃やすごみ,シーツ（７０㎝以下）,,し
燃やすごみ,地下足袋,,し
燃やすごみ,下敷き,,し
燃やすごみ,漆器製食器（お椀など）,,し
燃やすごみ,湿布剤,,し
燃やすごみ,自動車カバー（７０㎝以下）,,し
燃やすごみ,竹刀（７０㎝以下）,,し
燃やすごみ,写真,,し
燃やすごみ,しゃもじ（木製）,,し
燃やすごみ,しゃもじ（プラスチック製）,,し
燃やすごみ,車両用ルーフボックス（７０㎝以下）,,し
燃やすごみ,シューズ,,し
燃やすごみ,シューズボックス（金属以外、７０㎝以下）,増改築に伴うものは請け負った業者に処分してもらう,し
燃やすごみ,じゅうたん（７０㎝以下）,広げたときに７０㎝を超えているものは、有料粗大ごみ,し
燃やすごみ,収納ケース・箱・ボックス（金属以外、７０㎝以下）,,し
燃やすごみ,収納棚（金属以外、７０㎝以下）,扉や戸がガラスのものは、埋立ごみへ,し
燃やすごみ,定規,,し
燃やすごみ,将棋駒,,し
燃やすごみ,将棋盤（厚さ１0㎝未満）,,し
燃やすごみ,障子（金属以外、７０㎝以下）,増改築に伴うものは請け負った業者に処分してもらう,し
燃やすごみ,照明器具のかさ（「金属製」以外）,,し
燃やすごみ,じょうろ(金属以外）,,し
燃やすごみ,除湿剤,,し
燃やすごみ,書棚（金属以外、７０㎝以下）,,し
燃やすごみ,食器（「金属製」以外）,,し
燃やすごみ,ショッピングかご(プラスチック製）,,し
燃やすごみ,人工肛門パック,汚物はトイレに捨てる,し
燃やすごみ,人工芝（７０㎝以下）,,し
燃やすごみ,新聞,各校下・地区の集団回収をご利用ください,し
燃やすごみ,吸い殻（たばこ）,火を完全に消してから,す
燃やすごみ,水筒（金属以外）,,す
燃やすごみ,スーツケース（金属以外、７０㎝以下）,,す
燃やすごみ,スキーウェア,,す
燃やすごみ,スコップ（金属以外）,７０㎝超のものは埋立ごみ,す
燃やすごみ,すだれ（竹製・プラスチック製・７０㎝以下）,,す
燃やすごみ,ズック,,す
燃やすごみ,砂（ペット用）,袋に可燃と記載されているものにかぎる、それ以外は埋立ごみ,す
燃やすごみ,スノーダンプ（金属以外・７０㎝以下）,,す
燃やすごみ,すのこ（７０㎝以下）,,す
燃やすごみ,スプーン（プラスチック製）,,す
燃やすごみ,すべり台（７０㎝以下）,,す
燃やすごみ,スポンジ,,す
燃やすごみ,スリッパ,,す
燃やすごみ,スリッパ立て（金属以外・７０㎝以下）,,す
燃やすごみ,生理用品,,せ
燃やすごみ,石油ポンプ（手動式）,,せ
燃やすごみ,洗車ブラシ,,せ
燃やすごみ,洗濯ばさみ（金属以外）,,せ
燃やすごみ,洗濯用ハンガー（金属以外）,,せ
燃やすごみ,洗面器（プラスチック製）,,せ
燃やすごみ,ソファー（７０㎝以下・スプリングなし）,,そ
燃やすごみ,ソファーベッド（７０㎝以下・スプリングなし）,,そ
燃やすごみ,そり,,そ
燃やすごみ,そろばん,,そ
燃やすごみ,タイヤゴムチューブ(自転車用）,,た
燃やすごみ,タイヤチェーン（金属以外）,,た
燃やすごみ,タオル,,た
燃やすごみ,タオルケット（７０㎝以下）,広げたときに７０㎝を超えているものは、有料粗大ごみ,た
燃やすごみ,竹串,先を折って危なくないように,た
燃やすごみ,竹馬（竹・木製、７０㎝以下）,,た
燃やすごみ,竹ぼうき（７０㎝以下）,,た
燃やすごみ,畳（７０㎝以下）,増改築に伴うものは請け負った業者に処分してもらう,た
燃やすごみ,卓球台（７０㎝以下）,,た
燃やすごみ,脱酸素剤,,た
燃やすごみ,タッパ,,た
燃やすごみ,たばこの吸いがら,火を完全に消してから,た
燃やすごみ,卵パック(紙）,,た
燃やすごみ,たらい(金属以外）,,た
燃やすごみ,たる（７０ｎ㎝以下）,,た
燃やすごみ,たわし(金属以外）,,た
燃やすごみ,たんす（７０㎝以下）,,た
燃やすごみ,ダンベル（金属以外）,,た
燃やすごみ,ダンボール,各校下・地区の集団回収をご利用ください（ガムテープ、止め金具を取り除く）,た
燃やすごみ,チェーン（金属以外）,,ち
燃やすごみ,チェスト（７０㎝以下）,,ち
燃やすごみ,茶だんす（７０㎝以下）,,ち
燃やすごみ,チューブ（自転車用）,,ち
燃やすごみ,チョーク,,ち
燃やすごみ,チラシ,各校下・地区の集団回収をご利用ください,ち
燃やすごみ,ちりとり（金属以外）,,ち
燃やすごみ,ついたて（金属以外、７０㎝以下）,,つ
燃やすごみ,机（金属以外、７０㎝以下）,,つ
燃やすごみ,DVD（ソフト）,,て
燃やすごみ,ティッシュくず,,て
燃やすごみ,テーブル（金属以外、７０㎝以下）,,て
燃やすごみ,デスクマット（７０㎝以下）,広げたときに７０㎝を超えているものは、有料粗大ごみ,て
燃やすごみ,手袋（ゴム手袋含む）,,て
燃やすごみ,テレビ台（金属以外、７０㎝以下）,扉や戸がガラスのものは、埋立ごみへ,て
燃やすごみ,点滴用パック（在宅治療用）,,て
燃やすごみ,天ぷら油,紙や布にしみこませて,て
燃やすごみ,胴（剣道用具）,,と
燃やすごみ,戸棚（金属以外、７０㎝以下）,扉や戸がガラスのものは、埋立ごみへ,と
燃やすごみ,トランク（金属以外、７０㎝以下）,,と
燃やすごみ,鳥かご（金属以外),,と
燃やすごみ,塗料容器（プラスチック製）,中身が残っているものは市で収集しませんので専門業者に処分を依頼してください,と
燃やすごみ,鍋焼きうどんの容器（アルミ製）,,な
燃やすごみ,生ごみ,水切りを十分にして,な
燃やすごみ,波板（金属以外、７０㎝以下）,広げたときに７０㎝を超えているものは、有料粗大ごみ,な
燃やすごみ,荷造り用ひもバンド（７０㎝以下）,,に
燃やすごみ,人形（ぬいぐるみ、７０㎝以下）,,に
燃やすごみ,人形（プラスチック製）,,に
燃やすごみ,ぬいぐるみ（７０㎝まで）,,ぬ
燃やすごみ,布くず,,ぬ
燃やすごみ,ネクタイ,,ね
燃やすごみ,猫砂（紙・木・プラスチック製）,,ね
燃やすごみ,寝袋（７０㎝以下）,,ね
燃やすごみ,練りわさびのチューブ,キャップは缶・びん・ペットボトル、小さな金属類（容プラ）,ね
燃やすごみ,ノンカーボン紙,,の
燃やすごみ,パイプいす（金属以外、７０㎝以下）,,は
燃やすごみ,廃油処理箱,,は
燃やすごみ,バインダー,金具類はなるべく外して埋立ごみの日の金属に出す,は
燃やすごみ,はきもの,スキー靴は埋立ごみ,は
燃やすごみ,バケツ（プラスチック製）,,は
燃やすごみ,はしご（金属以外、７０㎝以下）,,は
燃やすごみ,バスケットゴール（金属以外、７０㎝以下）,,は
燃やすごみ,バスマット（７０㎝以下）,広げたときに７０㎝を超えているものは、有料粗大ごみ,は
燃やすごみ,パソコン机（金属以外、７０㎝以下）,,は
燃やすごみ,パソコン用ラック（金属以外、７０㎝以下）,,は
燃やすごみ,バット（木製、７０㎝以下）,,は
燃やすごみ,花台（金属以外、７０㎝以下）,,は
燃やすごみ,花火,水で湿らせる,は
燃やすごみ,歯ブラシ（プラスチック製）,,は
燃やすごみ,歯磨き粉のチューブ,キャップは缶・びん・ペットボトル、小さな金属類（容プラ）,は
燃やすごみ,ハンガー（プラスチック製・木製）,,は
燃やすごみ,ハンガースタンド（金属以外、７０㎝以下）,,は
燃やすごみ,ハンカチ,,は
燃やすごみ,ハンドバッグ（革製）,,は
燃やすごみ,パンフレット,各校下・地区の集団回収をご利用ください,は
燃やすごみ,ハンマー（ゴム製）,,は
燃やすごみ,ハンマー（木製、７０㎝以下）,,は
燃やすごみ,ＰＰバンド（７０㎝以下）,,ひ
燃やすごみ,ピアニカ,,ひ
燃やすごみ,ビーズ,,ひ
燃やすごみ,ビデオテープ,,ひ
燃やすごみ,肥料袋,,ひ
燃やすごみ,屏風（７０㎝以下）,,ひ
燃やすごみ,ファンシーケース（金属以外、７０㎝以下）,,ふ
燃やすごみ,フィルムのネガ,,ふ
燃やすごみ,ブーツ（革製）,,ふ
燃やすごみ,封筒,各校下・地区の集団回収をご利用ください（窓付き封筒はセロファンを取り除く）,ふ
燃やすごみ,フォーク（プラスチック製）,,ふ
燃やすごみ,腹膜透析パック,汚物はトイレに捨てる,ふ
燃やすごみ,ふすま（７０㎝以下）,増改築に伴うものは請け負った業者に処分してもらう,ふ
燃やすごみ,筆箱（金属以外）,,ふ
燃やすごみ,ふとん（７０㎝以下）,広げたときに７０㎝を超えているものは、有料粗大ごみ,ふ
燃やすごみ,ふとん圧縮袋,,ふ
燃やすごみ,ふとんたたき（金属以外）,,ふ
燃やすごみ,フラワースタンド（金属以外）,,ふ
燃やすごみ,ブランコ（金属以外、７０㎝以下）,,ふ
燃やすごみ,プランター,７０㎝超のものは埋立ごみ,ふ
燃やすごみ,古着（綿製品）,各校下・地区の集団回収をご利用ください（洗って、たたんで束ねる）,ふ
燃やすごみ,風呂椅子,,ふ
燃やすごみ,フロッピーディスク,,ふ
燃やすごみ,風呂マット（７０㎝以下）,広げたときに７０㎝を超えているものは、有料粗大ごみ,ふ
燃やすごみ,ヘアーカーラー,,へ
燃やすごみ,ヘアーブラシ（金属以外）,,へ
燃やすごみ,ベッド（金属以外、７０㎝以下）,,へ
燃やすごみ,ペット小屋（金属以外、７０㎝以下）,,へ
燃やすごみ,ペットシーツ,汚物はトイレに捨てる,へ
燃やすごみ,ペットのフン,汚物はトイレに捨てる,へ
燃やすごみ,ベッドマット（７０㎝以下）,スプリングが入っているものは、埋立ごみ,へ
燃やすごみ,ベッドマットレス（７０㎝以下）,スプリングが入っているものは、埋立ごみ,へ
燃やすごみ,ベニヤ板（７０㎝以下）,,へ
燃やすごみ,ベビーバス（７０㎝以下）,,へ
燃やすごみ,ベビーベッド（金属以外、７０㎝以下）,,へ
燃やすごみ,ベビー用カタカタ,,へ
燃やすごみ,ベランダ収納庫（金属以外、７０㎝以下）,,へ
燃やすごみ,ベルト,金属部分は取り外し、埋立ごみの日の金属へ,へ
燃やすごみ,ヘルメット,,へ
燃やすごみ,便座,温水洗浄機付便座は埋立ごみの日の金属へ,へ
燃やすごみ,ベンチ（金属以外、７０㎝以下）,,へ
燃やすごみ,ほうき（７０㎝以下）,,ほ
燃やすごみ,ボウル（金属以外）,,ほ
燃やすごみ,ホースリール（金属以外）,,ほ
燃やすごみ,ポータブルトイレ,汚物はトイレに捨てる,ほ
燃やすごみ,ホームラック（金属以外、７０㎝以下）,扉や戸がガラスのものは、埋立ごみへ,ほ
燃やすごみ,ボール（ゴルフ・野球・サッカー・テニスなど）,,ほ
燃やすごみ,ボールペン,,ほ
燃やすごみ,木刀（７０㎝以下）,,ほ
燃やすごみ,ボディーボード（７０㎝以下）,,ほ
燃やすごみ,ポリバケツ（７０㎝以下）,,ほ
燃やすごみ,保冷剤,,ほ
燃やすごみ,本棚（金属以外、７０㎝以下）,扉や戸がガラスのものは、埋立ごみへ,ほ
燃やすごみ,マージャンパイ,,ま
燃やすごみ,マガジンラック（金属以外、７０㎝以下）,,ま
燃やすごみ,枕（７０㎝以下）,,ま
燃やすごみ,マット（繊維製・ゴム製、７０㎝以下）,広げたときに７０㎝を超えているものは、有料粗大ごみ,ま
燃やすごみ,マットレス（７０㎝以下）,スプリングが入っているものは、埋立ごみ,ま
燃やすごみ,まな板,,ま
燃やすごみ,マフラー,,ま
燃やすごみ,マヨネーズのチューブ,キャップは缶・びん・ペットボトル、小さな金属類（容プラ）,ま
燃やすごみ,マルチシート（家庭菜園用・７０㎝以下）,,ま
燃やすごみ,密封容器,,み
燃やすごみ,虫かご,,む
燃やすごみ,むしろ（７０㎝以下）,広げたときに７０㎝を超えているものは、埋立ごみ,む
燃やすごみ,めがねケース（金属以外）,,め
燃やすごみ,毛布（７０㎝以下）,広げたときに７０㎝を超えているものは、有料粗大ごみ,も
燃やすごみ,物干しざお（金属以外、７０㎝以下）,,も
燃やすごみ,焼き鳥の串,先を折って危なくないように,や
燃やすごみ,湯たんぽ（金属以外）,,ゆ
燃やすごみ,ゆりかご,,ゆ
燃やすごみ,洋だんす（７０㎝以下）,,よ
燃やすごみ,よしず（７０㎝以下）,,よ
燃やすごみ,ライティングデスク（金属以外、７０㎝以下）,,ら
燃やすごみ,ラップの芯,,ら
燃やすごみ,ランドセル,,ら
燃やすごみ,リビングボード（７０㎝以下）,扉や戸がガラスのものは、埋立ごみへ,り
燃やすごみ,旅行かばん（金属以外、７０㎝以下）,,り
燃やすごみ,レーザーディスク（ソフト）,,れ
燃やすごみ,レコード,,れ
燃やすごみ,レジャーテーブル（金属以外、７０㎝以下）,,れ
燃やすごみ,レンジ台（金属以外、７０㎝以下）,,れ
燃やすごみ,ロープ（金属以外・７０㎝以下）,,ろ
燃やすごみ,ローボード（７０㎝以下）,扉や戸がガラスのものは、埋立ごみへ,ろ
燃やすごみ,ロッカー（金属以外、７０㎝以下）,,ろ
燃やすごみ,ロッキングチェア（金属以外、７０㎝以下）,,ろ
燃やすごみ,和だんす（７０㎝以下）,,わ
古紙・古布・アルミ缶,一升びん,酒屋さんなどへ返しましょう・キャップを外してひと洗い,い
古紙・古布・アルミ缶,ウィスキーのびん,キャップを外してひと洗い・割れたものも回収します,う
古紙・古布・アルミ缶,カップ酒のびん,キャップを外してひと洗い,か
古紙・古布・アルミ缶,サラダ油のびん,キャップを外してひと洗い,さ
古紙・古布・アルミ缶,ジュースのびん,キャップを外してひと洗い,し
古紙・古布・アルミ缶,ドリンク剤のびん,キャップを外してひと洗い,と
古紙・古布・アルミ缶,ハチミツのびん,キャップを外してひと洗い,は
古紙・古布・アルミ缶,ビールびん,酒屋さんなどへ返しましょう,ひ
